{
  "firstLayout": "",
  "gdVersion": {
    "build": 99,
    "major": 4,
    "minor": 0,
    "revision": 0
  },
  "properties": {
    "adaptGameResolutionAtRuntime": true,
    "folderProject": true,
    "orientation": "landscape",
    "packageName": "com.example.gamename",
    "projectUuid": "a77e5e17-612a-41c9-9bb4-f5010e750e80",
    "scaleMode": "nearest",
    "sizeOnStartupMode": "adaptWidth",
    "useExternalSourceFiles": false,
    "version": "1.0.0",
    "name": "Project",
    "author": "",
    "windowWidth": 800,
    "windowHeight": 600,
    "latestCompilationDirectory": "",
    "maxFPS": 60,
    "minFPS": 20,
    "verticalSync": false,
    "platformSpecificAssets": {},
    "loadingScreen": {
      "showGDevelopSplash": true
    },
    "extensionProperties": [],
    "extensions": [
      {
        "name": "BuiltinObject"
      },
      {
        "name": "BuiltinAudio"
      },
      {
        "name": "BuiltinVariables"
      },
      {
        "name": "BuiltinTime"
      },
      {
        "name": "BuiltinMouse"
      },
      {
        "name": "BuiltinKeyboard"
      },
      {
        "name": "BuiltinJoystick"
      },
      {
        "name": "BuiltinCamera"
      },
      {
        "name": "BuiltinWindow"
      },
      {
        "name": "BuiltinFile"
      },
      {
        "name": "BuiltinNetwork"
      },
      {
        "name": "BuiltinScene"
      },
      {
        "name": "BuiltinAdvanced"
      },
      {
        "name": "Sprite"
      },
      {
        "name": "BuiltinCommonInstructions"
      },
      {
        "name": "BuiltinCommonConversions"
      },
      {
        "name": "BuiltinStringInstructions"
      },
      {
        "name": "BuiltinMathematicalTools"
      },
      {
        "name": "BuiltinExternalLayouts"
      }
    ],
    "platforms": [
      {
        "name": "GDevelop JS platform"
      }
    ],
    "currentPlatform": "GDevelop JS platform"
  },
  "resources": {
    "resources": [
      {
        "alwaysLoaded": false,
        "file": "up_idle-1.png",
        "kind": "image",
        "metadata": "",
        "name": "up_idle-1.png",
        "smoothed": false,
        "userAdded": false
      },
      {
        "alwaysLoaded": false,
        "file": "up_idle-1-0.png",
        "kind": "image",
        "metadata": "",
        "name": "up_idle-1-0.png",
        "smoothed": false,
        "userAdded": false
      },
      {
        "alwaysLoaded": false,
        "file": "pressed-1.png",
        "kind": "image",
        "metadata": "",
        "name": "pressed-1.png",
        "smoothed": false,
        "userAdded": false
      },
      {
        "alwaysLoaded": false,
        "file": "up_idle-1-Copy-1.png",
        "kind": "image",
        "metadata": "",
        "name": "up_idle-1-Copy-1.png",
        "smoothed": false,
        "userAdded": false
      },
      {
        "alwaysLoaded": false,
        "file": "miss_trigger-1.png",
        "kind": "image",
        "metadata": "",
        "name": "miss_trigger-1.png",
        "smoothed": false,
        "userAdded": true
      },
      {
        "alwaysLoaded": false,
        "file": "L-1.png",
        "kind": "image",
        "metadata": "",
        "name": "L-1.png",
        "smoothed": false,
        "userAdded": false
      },
      {
        "alwaysLoaded": false,
        "file": "up_idle-1 - Copy.png",
        "kind": "image",
        "metadata": "",
        "name": "up_idle-1 - Copy.png",
        "smoothed": false,
        "userAdded": false
      },
      {
        "alwaysLoaded": false,
        "file": "up_idle-1 - Copy (2).png",
        "kind": "image",
        "metadata": "",
        "name": "up_idle-1 - Copy (2).png",
        "smoothed": false,
        "userAdded": false
      },
      {
        "alwaysLoaded": false,
        "file": "up_idle-1 - Copy (2) - Copy.png",
        "kind": "image",
        "metadata": "",
        "name": "up_idle-1 - Copy (2) - Copy.png",
        "smoothed": false,
        "userAdded": true
      },
      {
        "alwaysLoaded": false,
        "file": "up_idle-1-1.png",
        "kind": "image",
        "metadata": "",
        "name": "up_idle-1-1.png",
        "smoothed": false,
        "userAdded": false
      },
      {
        "alwaysLoaded": false,
        "file": "pressed-1-0.png",
        "kind": "image",
        "metadata": "",
        "name": "pressed-1-0.png",
        "smoothed": false,
        "userAdded": false
      },
      {
        "alwaysLoaded": false,
        "file": "up_idle_player-1.png",
        "kind": "image",
        "metadata": "",
        "name": "up_idle_player-1.png",
        "smoothed": false,
        "userAdded": true
      },
      {
        "file": "amogus.ogg",
        "kind": "audio",
        "metadata": "",
        "name": "amogus.ogg",
        "preloadAsMusic": false,
        "preloadAsSound": false,
        "userAdded": true
      },
      {
        "alwaysLoaded": false,
        "file": "pressed-1-1.png",
        "kind": "image",
        "metadata": "",
        "name": "pressed-1-1.png",
        "smoothed": false,
        "userAdded": true
      },
      {
        "alwaysLoaded": false,
        "file": "up_idle-1-2.png",
        "kind": "image",
        "metadata": "",
        "name": "up_idle-1-2.png",
        "smoothed": false,
        "userAdded": true
      },
      {
        "alwaysLoaded": false,
        "file": "up_idle-1 - Copy - Copy.png",
        "kind": "image",
        "metadata": "",
        "name": "up_idle-1 - Copy - Copy.png",
        "smoothed": false,
        "userAdded": false
      },
      {
        "alwaysLoaded": false,
        "file": "up_idle-1-3.png",
        "kind": "image",
        "metadata": "",
        "name": "up_idle-1-3.png",
        "smoothed": false,
        "userAdded": true
      },
      {
        "alwaysLoaded": false,
        "file": "up_idle-1 - Copy (3).png",
        "kind": "image",
        "metadata": "",
        "name": "up_idle-1 - Copy (3).png",
        "smoothed": false,
        "userAdded": false
      },
      {
        "alwaysLoaded": false,
        "file": "up_idle-1-4.png",
        "kind": "image",
        "metadata": "",
        "name": "up_idle-1-4.png",
        "smoothed": false,
        "userAdded": true
      }
    ],
    "resourceFolders": []
  },
  "objects": [],
  "objectsGroups": [],
  "variables": [],
  "layouts": [
    {
      "__REFERENCE_TO_SPLIT_OBJECT": true,
      "referenceTo": "/layouts/rythm_test"
    },
    {
      "__REFERENCE_TO_SPLIT_OBJECT": true,
      "referenceTo": "/layouts/game_over"
    }
  ],
  "externalEvents": [],
  "eventsFunctionsExtensions": [],
  "externalLayouts": [],
  "externalSourceFiles": []
}